dataset,method,depth,n_trials,tune_val,test_acc,test_std,val_acc,num_seeds,params
citeseer,AllSetformerII,16,30,75.00,73.49,1.20,75.00,10,"{'lr': 0.01, 'wd': 0.0, 'dropout': 0.7, 'MLP_hidden': 128, 'restart_alpha': 0.4, 'lamda': 0.5, 'heads': 8, 'MLP_num_layers': 1, 'decoder_num_layers': 1, 'normalization': 'bn'}"
citeseer,AllSetformerII,2,30,73.87,71.88,1.52,73.87,10,"{'lr': 0.01, 'wd': 0.0, 'dropout': 0.30000000000000004, 'MLP_hidden': 128, 'restart_alpha': 0.3, 'lamda': 1.0, 'heads': 8, 'MLP_num_layers': 1, 'decoder_num_layers': 1, 'normalization': 'bn'}"
citeseer,AllSetformerII,32,32,75.00,73.39,1.07,75.00,10,"{'lr': 0.001, 'wd': 1e-05, 'dropout': 0.4, 'MLP_hidden': 256, 'restart_alpha': 0.45, 'lamda': 1.5, 'heads': 1, 'MLP_num_layers': 1, 'decoder_num_layers': 1, 'normalization': 'ln'}"
citeseer,AllSetformerII,4,30,74.76,73.08,1.11,74.76,10,"{'lr': 0.01, 'wd': 0.0, 'dropout': 0.6000000000000001, 'MLP_hidden': 128, 'restart_alpha': 0.5, 'lamda': 1.0, 'heads': 1, 'MLP_num_layers': 1, 'decoder_num_layers': 1, 'normalization': 'bn'}"
citeseer,AllSetformerII,64,32,74.56,72.31,1.76,74.56,10,"{'lr': 0.05, 'wd': 0.0001, 'dropout': 0.5, 'MLP_hidden': 64, 'restart_alpha': 0.4, 'lamda': 2.0, 'heads': 8, 'MLP_num_layers': 1, 'decoder_num_layers': 1, 'normalization': 'ln'}"
citeseer,AllSetformerII,8,30,75.36,73.67,0.98,75.36,10,"{'lr': 0.001, 'wd': 0.0, 'dropout': 0.5, 'MLP_hidden': 128, 'restart_alpha': 0.45, 'lamda': 0.5, 'heads': 1, 'MLP_num_layers': 1, 'decoder_num_layers': 1, 'normalization': 'bn'}"
citeseer,AllSetformer,16,30,21.18,20.07,2.21,21.18,10,"{'lr': 0.005, 'wd': 0.001, 'dropout': 0.30000000000000004, 'MLP_hidden': 512, 'heads': 4, 'MLP_num_layers': 1, 'decoder_num_layers': 2, 'normalization': 'ln'}"
citeseer,AllSetformer,2,30,72.26,71.04,0.98,72.26,10,"{'lr': 0.001, 'wd': 0.0001, 'dropout': 0.4, 'MLP_hidden': 128, 'heads': 8, 'MLP_num_layers': 1, 'decoder_num_layers': 1, 'normalization': 'bn'}"
citeseer,AllSetformer,32,32,21.18,20.72,1.20,21.18,10,"{'lr': 0.005, 'wd': 0.001, 'dropout': 0.30000000000000004, 'MLP_hidden': 64, 'heads': 1, 'MLP_num_layers': 2, 'decoder_num_layers': 2, 'normalization': 'ln'}"
citeseer,AllSetformer,4,30,70.65,67.52,1.77,70.65,10,"{'lr': 0.001, 'wd': 0.0, 'dropout': 0.1, 'MLP_hidden': 128, 'heads': 1, 'MLP_num_layers': 2, 'decoder_num_layers': 1, 'normalization': 'ln'}"
citeseer,AllSetformer,64,32,21.22,19.84,2.11,21.22,10,"{'lr': 0.001, 'wd': 1e-05, 'dropout': 0.7, 'MLP_hidden': 64, 'heads': 1, 'MLP_num_layers': 1, 'decoder_num_layers': 2, 'normalization': 'ln'}"
citeseer,AllSetformer,8,30,67.31,64.42,2.66,67.31,10,"{'lr': 0.001, 'wd': 0.0, 'dropout': 0.0, 'MLP_hidden': 64, 'heads': 8, 'MLP_num_layers': 1, 'decoder_num_layers': 2, 'normalization': 'ln'}"
citeseer,HGNNII,16,30,75.64,73.96,1.01,75.64,10,"{'lr': 0.01, 'wd': 0.0, 'dropout': 0.7, 'MLP_hidden': 256, 'restart_alpha': 0.3, 'lamda': 1.5}"
citeseer,HGNNII,2,60,75.28,74.40,0.94,75.28,10,"{'lr': 0.005, 'wd': 1e-05, 'dropout': 0.7, 'MLP_hidden': 256, 'restart_alpha': 0.3, 'lamda': 0.5}"
citeseer,HGNNII,32,32,75.56,73.86,1.36,75.56,10,"{'lr': 0.005, 'wd': 0.0001, 'dropout': 0.4, 'MLP_hidden': 128, 'restart_alpha': 0.5, 'lamda': 1.5}"
citeseer,HGNNII,4,30,75.24,73.56,1.52,75.24,10,"{'lr': 0.005, 'wd': 0.0, 'dropout': 0.7, 'MLP_hidden': 64, 'restart_alpha': 0.35000000000000003, 'lamda': 0.5}"
citeseer,HGNNII,64,32,75.76,73.93,0.87,75.76,10,"{'lr': 0.005, 'wd': 0.0001, 'dropout': 0.2, 'MLP_hidden': 256, 'restart_alpha': 0.45, 'lamda': 1.0}"
citeseer,HGNNII,8,30,75.60,74.05,1.29,75.60,10,"{'lr': 0.005, 'wd': 0.0, 'dropout': 0.6000000000000001, 'MLP_hidden': 64, 'restart_alpha': 0.35000000000000003, 'lamda': 0.5}"
citeseer,HGNN,16,30,69.57,67.95,2.35,69.57,10,"{'lr': 0.001, 'wd': 1e-05, 'dropout': 0.4, 'MLP_hidden': 256}"
citeseer,HGNN,2,60,75.16,72.95,0.86,75.16,10,"{'lr': 0.005, 'wd': 1e-05, 'dropout': 0.1, 'MLP_hidden': 256}"
citeseer,HGNN,32,32,58.94,54.84,4.04,58.94,10,"{'lr': 0.001, 'wd': 0.0, 'dropout': 0.0, 'MLP_hidden': 64}"
citeseer,HGNN,4,30,73.75,72.45,1.27,73.75,10,"{'lr': 0.001, 'wd': 1e-05, 'dropout': 0.30000000000000004, 'MLP_hidden': 256}"
citeseer,HGNN,64,32,37.48,28.01,5.61,37.48,10,"{'lr': 0.01, 'wd': 0.0, 'dropout': 0.1, 'MLP_hidden': 128}"
citeseer,HGNN,8,30,72.62,69.87,1.74,72.62,10,"{'lr': 0.005, 'wd': 1e-05, 'dropout': 0.6000000000000001, 'MLP_hidden': 256}"
citeseer,HNHNII,16,30,75.60,74.47,1.08,75.01,10,"{'lr': 0.01, 'wd': 0.0, 'dropout': 0.7, 'MLP_hidden': 128, 'HNHN_alpha': 0.0, 'HNHN_beta': -0.5, 'restart_alpha': 0.45, 'lamda': 1.0}"
citeseer,HNHNII,2,30,74.48,73.55,1.38,74.05,10,"{'lr': 0.01, 'wd': 0.0, 'dropout': 0.7, 'MLP_hidden': 128, 'HNHN_alpha': 0.0, 'HNHN_beta': -1.0, 'restart_alpha': 0.35000000000000003, 'lamda': 0.5}"
citeseer,HNHNII,32,30,75.81,74.38,1.33,75.07,10,"{'lr': 0.005, 'wd': 0.0, 'dropout': 0.7, 'MLP_hidden': 256, 'HNHN_alpha': 0.0, 'HNHN_beta': -0.5, 'restart_alpha': 0.45, 'lamda': 1.5}"
citeseer,HNHNII,4,30,75.20,73.97,1.13,74.63,10,"{'lr': 0.001, 'wd': 1e-05, 'dropout': 0.7, 'MLP_hidden': 256, 'HNHN_alpha': -0.5, 'HNHN_beta': -0.5, 'restart_alpha': 0.5, 'lamda': 0.5}"
citeseer,HNHNII,64,30,75.93,75.01,1.32,75.02,10,"{'lr': 0.005, 'wd': 0.0, 'dropout': 0.7, 'MLP_hidden': 256, 'HNHN_alpha': -1.0, 'HNHN_beta': -1.0, 'restart_alpha': 0.15000000000000002, 'lamda': 1.5}"
citeseer,HNHNII,8,30,75.60,74.20,1.36,74.94,10,"{'lr': 0.005, 'wd': 0.0001, 'dropout': 0.7, 'MLP_hidden': 64, 'HNHN_alpha': 0.0, 'HNHN_beta': 0.0, 'restart_alpha': 0.3, 'lamda': 0.5}"
citeseer,HNHN,16,30,21.78,22.22,3.32,22.84,10,"{'lr': 0.05, 'wd': 0.0, 'dropout': 0.0, 'MLP_hidden': 128, 'HNHN_alpha': 0.0, 'HNHN_beta': -0.5}"
citeseer,HNHN,2,30,71.74,70.93,1.17,72.04,10,"{'lr': 0.01, 'wd': 0.001, 'dropout': 0.7, 'MLP_hidden': 256, 'HNHN_alpha': -1.0, 'HNHN_beta': 0.0}"
citeseer,HNHN,32,32,21.18,20.07,2.21,21.18,10,"{'lr': 0.005, 'wd': 0.001, 'dropout': 0.30000000000000004, 'MLP_hidden': 64, 'HNHN_alpha': -1.5, 'HNHN_beta': 0.0}"
citeseer,HNHN,4,30,63.85,62.79,1.92,63.57,10,"{'lr': 0.005, 'wd': 0.0001, 'dropout': 0.4, 'MLP_hidden': 256, 'HNHN_alpha': 0.0, 'HNHN_beta': -1.0}"
citeseer,HNHN,64,32,21.18,20.74,1.21,21.18,10,"{'lr': 0.005, 'wd': 0.001, 'dropout': 0.30000000000000004, 'MLP_hidden': 64, 'HNHN_alpha': -1.5, 'HNHN_beta': 0.0}"
citeseer,HNHN,8,30,57.00,54.95,1.38,56.73,10,"{'lr': 0.001, 'wd': 0.0, 'dropout': 0.30000000000000004, 'MLP_hidden': 256, 'HNHN_alpha': -1.0, 'HNHN_beta': -0.5}"
citeseer,HyperGCNII,16,30,75.76,74.58,1.11,75.76,10,"{'lr': 0.005, 'wd': 0.0, 'dropout': 0.30000000000000004, 'MLP_hidden': 64, 'restart_alpha': 0.2, 'lamda': 0.5, 'HyperGCN_lazy': True}"
citeseer,HyperGCNII,2,30,74.72,72.15,0.82,74.72,10,"{'lr': 0.005, 'wd': 0.0001, 'dropout': 0.4, 'MLP_hidden': 512, 'restart_alpha': 0.2, 'lamda': 0.5, 'HyperGCN_lazy': True}"
citeseer,HyperGCNII,32,32,76.21,73.95,1.11,76.21,10,"{'lr': 0.005, 'wd': 0.0001, 'dropout': 0.5, 'MLP_hidden': 256, 'restart_alpha': 0.15000000000000002, 'lamda': 1.0, 'HyperGCN_lazy': True}"
citeseer,HyperGCNII,4,30,75.20,73.57,0.89,75.20,10,"{'lr': 0.005, 'wd': 0.0, 'dropout': 0.2, 'MLP_hidden': 256, 'restart_alpha': 0.4, 'lamda': 0.5, 'HyperGCN_lazy': False}"
citeseer,HyperGCNII,64,32,76.17,73.91,0.96,76.17,10,"{'lr': 0.005, 'wd': 0.0, 'dropout': 0.5, 'MLP_hidden': 64, 'restart_alpha': 0.4, 'lamda': 2.0, 'HyperGCN_lazy': False}"
citeseer,HyperGCNII,8,30,75.60,73.94,1.05,75.60,10,"{'lr': 0.001, 'wd': 1e-05, 'dropout': 0.2, 'MLP_hidden': 256, 'restart_alpha': 0.4, 'lamda': 1.5, 'HyperGCN_lazy': False}"
citeseer,HyperGCN,16,30,48.75,45.59,5.38,48.75,10,"{'lr': 0.001, 'wd': 1e-05, 'dropout': 0.1, 'MLP_hidden': 256}"
citeseer,HyperGCN,2,32,75.64,73.83,0.95,75.64,10,"{'lr': 0.001, 'wd': 0.0, 'dropout': 0.1, 'MLP_hidden': 256}"
citeseer,HyperGCN,32,32,25.36,22.32,3.04,25.36,10,"{'lr': 0.05, 'wd': 1e-05, 'dropout': 0.0, 'MLP_hidden': 128}"
citeseer,HyperGCN,4,30,73.39,71.97,2.25,73.39,10,"{'lr': 0.001, 'wd': 1e-05, 'dropout': 0.2, 'MLP_hidden': 256}"
citeseer,HyperGCN,64,32,23.95,20.94,2.46,23.95,10,"{'lr': 0.05, 'wd': 0.0001, 'dropout': 0.1, 'MLP_hidden': 64}"
citeseer,HyperGCN,8,30,62.48,55.07,11.84,62.48,10,"{'lr': 0.01, 'wd': 0.0001, 'dropout': 0.1, 'MLP_hidden': 128}"
citeseer,UniGCNII,16,30,76.05,73.36,1.50,76.05,10,"{'lr': 0.001, 'wd': 1e-05, 'dropout': 0.6000000000000001, 'MLP_hidden': 256, 'restart_alpha': 0.45, 'lamda': 2.0, 'input_drop': 0.4, 'activation': 'prelu', 'use_norm': False}"
citeseer,UniGCNII,2,30,74.80,73.06,1.11,74.80,10,"{'lr': 0.1, 'wd': 0.0, 'dropout': 0.5, 'MLP_hidden': 64, 'restart_alpha': 0.15000000000000002, 'lamda': 0.5, 'input_drop': 0.2, 'activation': 'relu', 'use_norm': True}"
citeseer,UniGCNII,32,32,76.33,74.52,1.06,76.33,10,"{'lr': 0.001, 'wd': 0.0, 'dropout': 0.0, 'MLP_hidden': 256, 'restart_alpha': 0.35000000000000003, 'lamda': 1.5, 'input_drop': 0.0, 'activation': 'prelu', 'use_norm': False}"
citeseer,UniGCNII,4,30,75.64,74.20,1.06,75.64,10,"{'lr': 0.05, 'wd': 0.0, 'dropout': 0.6000000000000001, 'MLP_hidden': 256, 'restart_alpha': 0.35000000000000003, 'lamda': 0.5, 'input_drop': 0.6, 'activation': 'prelu', 'use_norm': False}"
citeseer,UniGCNII,64,32,76.29,74.54,1.01,76.29,10,"{'lr': 0.01, 'wd': 0.0001, 'dropout': 0.7, 'MLP_hidden': 256, 'restart_alpha': 0.4, 'lamda': 1.0, 'input_drop': 0.2, 'activation': 'relu', 'use_norm': False}"
citeseer,UniGCNII,8,30,75.93,74.20,1.16,75.93,10,"{'lr': 0.005, 'wd': 1e-05, 'dropout': 0.0, 'MLP_hidden': 256, 'restart_alpha': 0.5, 'lamda': 0.5, 'input_drop': 0.0, 'activation': 'prelu', 'use_norm': False}"
citeseer,UniGCN,16,30,41.87,36.36,2.69,36.62,10,"{'MLP_hidden': 256, 'dropout': 0.0, 'use_norm': True}"
citeseer,UniGCN,2,30,74.36,72.75,1.44,73.68,10,"{'MLP_hidden': 512, 'dropout': 0.7, 'use_norm': False}"
citeseer,UniGCN,32,30,31.68,24.81,3.62,26.12,10,"{'MLP_hidden': 128, 'dropout': 0.30000000000000004, 'use_norm': True}"
citeseer,UniGCN,4,30,70.77,66.12,4.38,67.44,10,"{'MLP_hidden': 512, 'dropout': 0.5, 'use_norm': False}"
citeseer,UniGCN,64,30,27.54,21.11,1.31,21.69,10,"{'MLP_hidden': 256, 'dropout': 0.6000000000000001, 'use_norm': True}"
citeseer,UniGCN,8,30,52.09,45.28,5.68,46.07,10,"{'MLP_hidden': 512, 'dropout': 0.2, 'use_norm': True}"
20newsW100,AllSetformerII,16,16,81.68,81.52,0.38,81.56,10,"{'lr': 0.05, 'wd': 1e-05, 'dropout': 0.30000000000000004, 'MLP_hidden': 256, 'restart_alpha': 0.45, 'lamda': 0.5, 'heads': 4, 'MLP_num_layers': 2, 'decoder_num_layers': 1, 'normalization': 'ln'}"
20newsW100,AllSetformerII,2,30,81.62,81.34,0.38,81.31,10,"{'lr': 0.1, 'wd': 0.0, 'dropout': 0.5, 'MLP_hidden': 256, 'restart_alpha': 0.45, 'lamda': 2.0, 'heads': 1, 'MLP_num_layers': 1, 'decoder_num_layers': 2, 'normalization': 'bn'}"
20newsW100,AllSetformerII,32,5,81.71,81.34,0.43,81.59,10,"{'lr': 0.005, 'wd': 0.001, 'dropout': 0.4, 'MLP_hidden': 128, 'restart_alpha': 0.45, 'lamda': 1.0, 'heads': 8, 'MLP_num_layers': 1, 'decoder_num_layers': 2, 'normalization': 'ln'}"
20newsW100,AllSetformerII,4,26,81.59,81.28,0.42,81.43,10,"{'lr': 0.05, 'wd': 1e-05, 'dropout': 0.30000000000000004, 'MLP_hidden': 256, 'restart_alpha': 0.5, 'lamda': 0.5, 'heads': 4, 'MLP_num_layers': 1, 'decoder_num_layers': 1, 'normalization': 'ln'}"
20newsW100,AllSetformerII,64,24,81.64,81.41,0.40,81.51,10,"{'lr': 0.005, 'wd': 0.001, 'dropout': 0.2, 'MLP_hidden': 128, 'restart_alpha': 0.5, 'lamda': 1.0, 'heads': 8, 'MLP_num_layers': 1, 'decoder_num_layers': 2, 'normalization': 'ln'}"
20newsW100,AllSetformerII,8,10,81.65,81.43,0.45,81.58,10,"{'lr': 0.05, 'wd': 0.0001, 'dropout': 0.4, 'MLP_hidden': 64, 'restart_alpha': 0.3, 'lamda': 1.5, 'heads': 8, 'MLP_num_layers': 1, 'decoder_num_layers': 1, 'normalization': 'bn'}"
20newsW100,AllSetformer,16,16,33.88,33.49,0.60,33.85,10,"{'lr': 0.005, 'wd': 0.001, 'dropout': 0.4, 'MLP_hidden': 512, 'heads': 4, 'MLP_num_layers': 1, 'decoder_num_layers': 2, 'normalization': 'ln'}"
20newsW100,AllSetformer,2,30,81.69,81.48,0.36,81.49,10,"{'lr': 0.001, 'wd': 0.001, 'dropout': 0.1, 'MLP_hidden': 512, 'heads': 1, 'MLP_num_layers': 1, 'decoder_num_layers': 2, 'normalization': 'bn'}"
20newsW100,AllSetformer,32,9,33.88,33.49,0.60,33.85,10,"{'lr': 0.005, 'wd': 0.001, 'dropout': 0.30000000000000004, 'MLP_hidden': 64, 'heads': 1, 'MLP_num_layers': 2, 'decoder_num_layers': 2, 'normalization': 'ln'}"
20newsW100,AllSetformer,4,17,81.38,81.06,0.27,81.25,10,"{'lr': 0.001, 'wd': 0.0001, 'dropout': 0.0, 'MLP_hidden': 512, 'heads': 8, 'MLP_num_layers': 2, 'decoder_num_layers': 2, 'normalization': 'bn'}"
20newsW100,AllSetformer,64,26,33.88,33.49,0.60,33.85,10,"{'lr': 0.005, 'wd': 0.001, 'dropout': 0.30000000000000004, 'MLP_hidden': 64, 'heads': 1, 'MLP_num_layers': 2, 'decoder_num_layers': 2, 'normalization': 'ln'}"
20newsW100,AllSetformer,8,9,33.88,33.49,0.60,33.85,10,"{'lr': 0.005, 'wd': 0.001, 'dropout': 0.4, 'MLP_hidden': 512, 'heads': 4, 'MLP_num_layers': 1, 'decoder_num_layers': 2, 'normalization': 'ln'}"
20newsW100,HGNNII,16,8,81.22,80.98,0.41,81.09,10,"{'lr': 0.01, 'wd': 0.0, 'dropout': 0.5, 'MLP_hidden': 128, 'restart_alpha': 0.1, 'lamda': 1.0}"
20newsW100,HGNNII,2,30,81.34,80.97,0.37,81.17,10,"{'lr': 0.01, 'wd': 1e-05, 'dropout': 0.7, 'MLP_hidden': 128, 'restart_alpha': 0.5, 'lamda': 0.5}"
20newsW100,HGNNII,32,18,81.57,81.29,0.41,81.48,10,"{'lr': 0.1, 'wd': 1e-05, 'dropout': 0.30000000000000004, 'MLP_hidden': 128, 'restart_alpha': 0.5, 'lamda': 2.0}"
20newsW100,HGNNII,4,30,81.44,81.33,0.40,81.32,10,"{'lr': 0.05, 'wd': 0.0001, 'dropout': 0.30000000000000004, 'MLP_hidden': 64, 'restart_alpha': 0.45, 'lamda': 0.5}"
20newsW100,HGNNII,64,8,81.30,81.01,0.41,81.18,10,"{'lr': 0.01, 'wd': 0.0, 'dropout': 0.7, 'MLP_hidden': 64, 'restart_alpha': 0.4, 'lamda': 2.0}"
20newsW100,HGNNII,8,29,81.56,81.38,0.36,81.46,10,"{'lr': 0.05, 'wd': 1e-05, 'dropout': 0.5, 'MLP_hidden': 128, 'restart_alpha': 0.5, 'lamda': 0.5}"
20newsW100,HGNN,16,11,39.37,39.21,2.76,39.44,10,"{'lr': 0.005, 'wd': 0.001, 'dropout': 0.4, 'MLP_hidden': 512}"
20newsW100,HGNN,2,30,81.12,80.91,0.40,81.10,10,"{'lr': 0.05, 'wd': 0.0001, 'dropout': 0.7, 'MLP_hidden': 64}"
20newsW100,HGNN,32,18,36.71,35.65,1.17,36.08,10,"{'lr': 0.005, 'wd': 0.0, 'dropout': 0.4, 'MLP_hidden': 256}"
20newsW100,HGNN,4,30,80.83,80.73,0.31,80.78,10,"{'lr': 0.01, 'wd': 0.0001, 'dropout': 0.7, 'MLP_hidden': 128}"
20newsW100,HGNN,64,6,35.78,35.09,1.17,35.43,10,"{'lr': 0.005, 'wd': 0.001, 'dropout': 0.4, 'MLP_hidden': 128}"
20newsW100,HGNN,8,30,72.17,71.02,8.61,71.03,10,"{'lr': 0.005, 'wd': 1e-05, 'dropout': 0.2, 'MLP_hidden': 64}"
20newsW100,HNHNII,16,30,81.72,81.44,0.40,81.54,10,"{'lr': 0.01, 'wd': 1e-05, 'dropout': 0.7, 'MLP_hidden': 128, 'HNHN_alpha': -0.5, 'HNHN_beta': 0.0, 'restart_alpha': 0.45, 'lamda': 2.0}"
20newsW100,HNHNII,2,30,81.76,81.55,0.44,81.76,10,"{'lr': 0.01, 'wd': 0.001, 'dropout': 0.7, 'MLP_hidden': 256, 'HNHN_alpha': -1.5, 'HNHN_beta': -1.0, 'restart_alpha': 0.15000000000000002, 'lamda': 1.0}"
20newsW100,HNHNII,32,30,81.89,81.37,0.35,81.75,10,"{'lr': 0.05, 'wd': 0.0001, 'dropout': 0.6000000000000001, 'MLP_hidden': 256, 'HNHN_alpha': -0.5, 'HNHN_beta': -0.5, 'restart_alpha': 0.45, 'lamda': 1.5}"
20newsW100,HNHNII,4,30,81.80,81.48,0.40,81.54,10,"{'lr': 0.005, 'wd': 0.001, 'dropout': 0.6000000000000001, 'MLP_hidden': 128, 'HNHN_alpha': -1.5, 'HNHN_beta': -1.0, 'restart_alpha': 0.05, 'lamda': 0.5}"
20newsW100,HNHNII,64,30,81.85,81.37,0.35,81.56,10,"{'lr': 0.05, 'wd': 0.0, 'dropout': 0.5, 'MLP_hidden': 128, 'HNHN_alpha': -1.5, 'HNHN_beta': -1.0, 'restart_alpha': 0.35000000000000003, 'lamda': 1.0}"
20newsW100,HNHNII,8,30,81.83,81.76,0.46,81.78,10,"{'lr': 0.01, 'wd': 0.0001, 'dropout': 0.7, 'MLP_hidden': 256, 'HNHN_alpha': -1.5, 'HNHN_beta': -0.5, 'restart_alpha': 0.4, 'lamda': 0.5}"
20newsW100,HNHN,16,30,42.75,36.19,5.47,36.28,10,"{'lr': 0.01, 'wd': 0.0, 'dropout': 0.4, 'MLP_hidden': 512, 'HNHN_alpha': -1.5, 'HNHN_beta': -0.5}"
20newsW100,HNHN,2,30,81.49,81.14,0.52,81.09,10,"{'lr': 0.001, 'wd': 1e-05, 'dropout': 0.4, 'MLP_hidden': 64, 'HNHN_alpha': -1.0, 'HNHN_beta': -0.5}"
20newsW100,HNHN,32,30,33.88,33.49,0.60,33.85,10,"{'lr': 0.01, 'wd': 1e-05, 'dropout': 0.7, 'MLP_hidden': 256, 'HNHN_alpha': 0.0, 'HNHN_beta': -1.0}"
20newsW100,HNHN,4,30,81.31,81.24,0.38,81.30,10,"{'lr': 0.001, 'wd': 0.0001, 'dropout': 0.7, 'MLP_hidden': 512, 'HNHN_alpha': -1.5, 'HNHN_beta': 0.0}"
20newsW100,HNHN,64,30,33.88,33.49,0.60,33.85,10,"{'lr': 0.1, 'wd': 0.0, 'dropout': 0.2, 'MLP_hidden': 64, 'HNHN_alpha': -1.5, 'HNHN_beta': -1.0}"
20newsW100,HNHN,8,30,78.51,77.56,0.77,77.85,10,"{'lr': 0.005, 'wd': 0.0, 'dropout': 0.0, 'MLP_hidden': 128, 'HNHN_alpha': -1.0, 'HNHN_beta': -1.0}"
20newsW100,HyperGCNII,16,17,81.70,81.66,0.50,81.69,10,"{'lr': 0.005, 'wd': 0.0001, 'dropout': 0.5, 'MLP_hidden': 512, 'restart_alpha': 0.15000000000000002, 'lamda': 1.5, 'HyperGCN_lazy': True}"
20newsW100,HyperGCNII,2,30,81.67,81.47,0.44,81.49,10,"{'lr': 0.005, 'wd': 0.0001, 'dropout': 0.7, 'MLP_hidden': 512, 'restart_alpha': 0.5, 'lamda': 1.5, 'HyperGCN_lazy': False}"
20newsW100,HyperGCNII,32,32,81.80,81.51,0.38,81.67,10,"{'lr': 0.05, 'wd': 0.0001, 'dropout': 0.7, 'MLP_hidden': 256, 'restart_alpha': 0.25, 'lamda': 0.5, 'HyperGCN_lazy': False}"
20newsW100,HyperGCNII,4,30,81.85,81.45,0.35,81.42,10,"{'lr': 0.005, 'wd': 0.0001, 'dropout': 0.5, 'MLP_hidden': 512, 'restart_alpha': 0.15000000000000002, 'lamda': 0.5, 'HyperGCN_lazy': False}"
20newsW100,HyperGCNII,64,32,81.74,81.60,0.48,81.61,10,"{'lr': 0.01, 'wd': 0.0, 'dropout': 0.4, 'MLP_hidden': 256, 'restart_alpha': 0.35000000000000003, 'lamda': 0.5, 'HyperGCN_lazy': True}"
20newsW100,HyperGCNII,8,30,81.69,81.46,0.40,81.45,10,"{'lr': 0.005, 'wd': 0.0, 'dropout': 0.7, 'MLP_hidden': 512, 'restart_alpha': 0.3, 'lamda': 1.0, 'HyperGCN_lazy': False}"
20newsW100,HyperGCN,16,29,34.45,33.49,0.60,33.85,10,"{'lr': 0.1, 'wd': 0.001, 'dropout': 0.7, 'MLP_hidden': 256}"
20newsW100,HyperGCN,2,30,81.75,81.45,0.48,81.60,10,"{'lr': 0.05, 'wd': 1e-05, 'dropout': 0.6000000000000001, 'MLP_hidden': 128}"
20newsW100,HyperGCN,32,32,33.99,33.55,0.62,33.91,10,"{'lr': 0.05, 'wd': 0.0, 'dropout': 0.5, 'MLP_hidden': 64}"
20newsW100,HyperGCN,4,30,81.91,81.72,0.44,81.77,10,"{'lr': 0.01, 'wd': 0.001, 'dropout': 0.6000000000000001, 'MLP_hidden': 256}"
20newsW100,HyperGCN,64,28,34.02,33.57,0.58,33.94,10,"{'lr': 0.1, 'wd': 0.001, 'dropout': 0.0, 'MLP_hidden': 64}"
20newsW100,HyperGCN,8,30,80.57,80.38,0.47,80.70,10,"{'lr': 0.01, 'wd': 0.0001, 'dropout': 0.30000000000000004, 'MLP_hidden': 128}"
20newsW100,UniGCNII,16,7,81.24,81.07,0.46,81.05,10,"{'lr': 0.1, 'wd': 0.001, 'dropout': 0.2, 'MLP_hidden': 64, 'restart_alpha': 0.35000000000000003, 'lamda': 2.0, 'input_drop': 0.0, 'activation': 'relu', 'use_norm': True}"
20newsW100,UniGCNII,2,30,81.35,81.08,0.36,81.16,10,"{'lr': 0.005, 'wd': 0.0001, 'dropout': 0.2, 'MLP_hidden': 64, 'restart_alpha': 0.45, 'lamda': 2.0, 'input_drop': 0.2, 'activation': 'relu', 'use_norm': True}"
20newsW100,UniGCNII,32,18,81.38,81.27,0.37,81.30,10,"{'lr': 0.1, 'wd': 0.001, 'dropout': 0.30000000000000004, 'MLP_hidden': 256, 'restart_alpha': 0.35000000000000003, 'lamda': 1.0, 'input_drop': 0.2, 'activation': 'relu', 'use_norm': False}"
20newsW100,UniGCNII,4,30,81.35,81.20,0.47,81.24,10,"{'lr': 0.05, 'wd': 1e-05, 'dropout': 0.2, 'MLP_hidden': 128, 'restart_alpha': 0.45, 'lamda': 0.5, 'input_drop': 0.4, 'activation': 'relu', 'use_norm': True}"
20newsW100,UniGCNII,64,16,81.45,81.27,0.44,81.31,10,"{'lr': 0.05, 'wd': 0.001, 'dropout': 0.1, 'MLP_hidden': 256, 'restart_alpha': 0.45, 'lamda': 2.0, 'input_drop': 0.2, 'activation': 'relu', 'use_norm': True}"
20newsW100,UniGCNII,8,30,81.49,81.24,0.40,81.34,10,"{'lr': 0.05, 'wd': 1e-05, 'dropout': 0.2, 'MLP_hidden': 256, 'restart_alpha': 0.45, 'lamda': 0.5, 'input_drop': 0.4, 'activation': 'prelu', 'use_norm': True}"
20newsW100,UniGCN,16,30,33.88,33.49,0.60,33.85,10,"{'MLP_hidden': 64, 'dropout': 0.2, 'use_norm': True}"
20newsW100,UniGCN,2,30,80.14,79.35,1.23,79.53,10,"{'MLP_hidden': 512, 'dropout': 0.2, 'use_norm': False}"
20newsW100,UniGCN,32,30,33.88,33.49,0.60,33.85,10,"{'MLP_hidden': 256, 'dropout': 0.0, 'use_norm': True}"
20newsW100,UniGCN,4,30,53.34,51.26,5.69,51.66,10,"{'MLP_hidden': 256, 'dropout': 0.0, 'use_norm': False}"
20newsW100,UniGCN,64,30,33.88,33.49,0.60,33.85,10,"{'MLP_hidden': 128, 'dropout': 0.0, 'use_norm': True}"
20newsW100,UniGCN,8,30,33.88,33.49,0.60,33.85,10,"{'MLP_hidden': 256, 'dropout': 0.2, 'use_norm': True}"
cora,AllSetformerII,16,28,80.16,78.05,1.06,79.85,10,"{'lr': 0.001, 'wd': 0.0001, 'dropout': 0.2, 'MLP_hidden': 512, 'restart_alpha': 0.3, 'lamda': 0.5, 'heads': 4, 'MLP_num_layers': 1, 'decoder_num_layers': 1, 'normalization': 'ln'}"
cora,AllSetformerII,2,33,77.06,74.84,2.15,76.26,10,"{'lr': 0.001, 'wd': 0.0001, 'dropout': 0.1, 'MLP_hidden': 64, 'restart_alpha': 0.05, 'lamda': 1.5, 'heads': 8, 'MLP_num_layers': 1, 'decoder_num_layers': 2, 'normalization': 'ln'}"
cora,AllSetformerII,32,32,79.86,77.58,1.33,78.97,10,"{'lr': 0.005, 'wd': 0.001, 'dropout': 0.2, 'MLP_hidden': 64, 'restart_alpha': 0.5, 'lamda': 2.0, 'heads': 8, 'MLP_num_layers': 2, 'decoder_num_layers': 1, 'normalization': 'ln'}"
cora,AllSetformerII,4,30,78.73,76.26,1.41,77.74,10,"{'lr': 0.01, 'wd': 0.0001, 'dropout': 0.0, 'MLP_hidden': 64, 'restart_alpha': 0.35000000000000003, 'lamda': 0.5, 'heads': 8, 'MLP_num_layers': 2, 'decoder_num_layers': 1, 'normalization': 'ln'}"
cora,AllSetformerII,64,26,79.42,77.34,2.30,79.07,10,"{'lr': 0.005, 'wd': 0.0, 'dropout': 0.30000000000000004, 'MLP_hidden': 64, 'restart_alpha': 0.3, 'lamda': 0.5, 'heads': 8, 'MLP_num_layers': 1, 'decoder_num_layers': 1, 'normalization': 'ln'}"
cora,AllSetformerII,8,30,79.86,77.53,1.14,79.25,10,"{'lr': 0.001, 'wd': 0.001, 'dropout': 0.1, 'MLP_hidden': 128, 'restart_alpha': 0.45, 'lamda': 0.5, 'heads': 8, 'MLP_num_layers': 2, 'decoder_num_layers': 1, 'normalization': 'ln'}"
cora,AllSetformer,16,20,30.63,30.25,1.34,30.77,10,"{'lr': 0.005, 'wd': 0.001, 'dropout': 0.30000000000000004, 'MLP_hidden': 512, 'heads': 4, 'MLP_num_layers': 1, 'decoder_num_layers': 2, 'normalization': 'ln'}"
cora,AllSetformer,2,34,79.86,77.61,1.39,78.83,10,"{'lr': 0.001, 'wd': 1e-05, 'dropout': 0.1, 'MLP_hidden': 512, 'heads': 4, 'MLP_num_layers': 1, 'decoder_num_layers': 1, 'normalization': 'ln'}"
cora,AllSetformer,32,32,30.63,30.25,1.34,30.77,10,"{'lr': 0.005, 'wd': 0.001, 'dropout': 0.30000000000000004, 'MLP_hidden': 64, 'heads': 1, 'MLP_num_layers': 2, 'decoder_num_layers': 2, 'normalization': 'ln'}"
cora,AllSetformer,4,30,76.12,73.15,1.15,75.21,10,"{'lr': 0.001, 'wd': 0.0, 'dropout': 0.0, 'MLP_hidden': 64, 'heads': 1, 'MLP_num_layers': 2, 'decoder_num_layers': 1, 'normalization': 'bn'}"
cora,AllSetformer,64,30,30.63,30.25,1.34,30.77,10,"{'lr': 0.005, 'wd': 0.001, 'dropout': 0.30000000000000004, 'MLP_hidden': 64, 'heads': 1, 'MLP_num_layers': 2, 'decoder_num_layers': 2, 'normalization': 'ln'}"
cora,AllSetformer,8,30,64.06,55.17,7.64,57.71,10,"{'lr': 0.001, 'wd': 1e-05, 'dropout': 0.1, 'MLP_hidden': 128, 'heads': 1, 'MLP_num_layers': 1, 'decoder_num_layers': 2, 'normalization': 'bn'}"
cora,HGNNII,16,32,82.32,79.78,1.18,81.14,10,"{'lr': 0.005, 'wd': 1e-05, 'dropout': 0.5, 'MLP_hidden': 512, 'restart_alpha': 0.15000000000000002, 'lamda': 0.5}"
cora,HGNNII,2,38,81.78,79.68,0.78,80.71,10,"{'lr': 0.01, 'wd': 1e-05, 'dropout': 0.7, 'MLP_hidden': 512, 'restart_alpha': 0.1, 'lamda': 0.5}"
cora,HGNNII,32,32,82.87,80.18,1.23,81.40,10,"{'lr': 0.01, 'wd': 0.0001, 'dropout': 0.2, 'MLP_hidden': 128, 'restart_alpha': 0.15000000000000002, 'lamda': 0.5}"
cora,HGNNII,4,35,81.29,78.83,1.00,79.84,10,"{'lr': 0.001, 'wd': 0.0001, 'dropout': 0.30000000000000004, 'MLP_hidden': 256, 'restart_alpha': 0.25, 'lamda': 0.5}"
cora,HGNNII,64,32,83.21,79.70,1.51,81.51,10,"{'lr': 0.005, 'wd': 0.0, 'dropout': 0.7, 'MLP_hidden': 256, 'restart_alpha': 0.2, 'lamda': 1.0}"
cora,HGNNII,8,32,81.93,79.73,1.00,80.90,10,"{'lr': 0.005, 'wd': 0.0, 'dropout': 0.6000000000000001, 'MLP_hidden': 512, 'restart_alpha': 0.25, 'lamda': 0.5}"
cora,HGNN,16,32,75.58,72.90,1.47,74.82,10,"{'lr': 0.001, 'wd': 1e-05, 'dropout': 0.2, 'MLP_hidden': 512}"
cora,HGNN,2,60,82.42,79.51,1.09,81.14,10,"{'lr': 0.01, 'wd': 0.0001, 'dropout': 0.7, 'MLP_hidden': 128}"
cora,HGNN,32,32,59.18,54.82,7.76,54.84,10,"{'lr': 0.001, 'wd': 1e-05, 'dropout': 0.1, 'MLP_hidden': 256}"
cora,HGNN,4,46,81.83,78.80,0.74,80.56,10,"{'lr': 0.001, 'wd': 0.0, 'dropout': 0.5, 'MLP_hidden': 256}"
cora,HGNN,64,32,34.81,31.46,2.74,32.57,10,"{'lr': 0.01, 'wd': 0.0, 'dropout': 0.0, 'MLP_hidden': 128}"
cora,HGNN,8,34,77.50,75.08,1.15,77.27,10,"{'lr': 0.001, 'wd': 1e-05, 'dropout': 0.30000000000000004, 'MLP_hidden': 256}"
cora,HNHNII,16,30,81.73,78.88,1.41,80.59,10,"{'lr': 0.005, 'wd': 0.0001, 'dropout': 0.30000000000000004, 'MLP_hidden': 256, 'HNHN_alpha': -0.5, 'HNHN_beta': -0.5, 'restart_alpha': 0.3, 'lamda': 1.0}"
cora,HNHNII,2,30,79.96,77.78,1.54,79.04,10,"{'lr': 0.005, 'wd': 0.001, 'dropout': 0.30000000000000004, 'MLP_hidden': 512, 'HNHN_alpha': 0.0, 'HNHN_beta': 0.0, 'restart_alpha': 0.4, 'lamda': 1.0}"
cora,HNHNII,32,30,82.18,79.99,1.27,81.02,10,"{'lr': 0.01, 'wd': 1e-05, 'dropout': 0.30000000000000004, 'MLP_hidden': 256, 'HNHN_alpha': 0.0, 'HNHN_beta': -1.0, 'restart_alpha': 0.2, 'lamda': 0.5}"
cora,HNHNII,4,30,78.83,77.10,1.44,78.39,10,"{'lr': 0.01, 'wd': 0.0, 'dropout': 0.1, 'MLP_hidden': 128, 'HNHN_alpha': -1.0, 'HNHN_beta': -0.5, 'restart_alpha': 0.4, 'lamda': 0.5}"
cora,HNHNII,64,30,82.18,80.00,1.29,80.90,10,"{'lr': 0.001, 'wd': 1e-05, 'dropout': 0.4, 'MLP_hidden': 256, 'HNHN_alpha': -1.5, 'HNHN_beta': 0.0, 'restart_alpha': 0.1, 'lamda': 1.0}"
cora,HNHNII,8,30,81.14,78.82,1.06,80.38,10,"{'lr': 0.001, 'wd': 0.0001, 'dropout': 0.4, 'MLP_hidden': 512, 'HNHN_alpha': 0.0, 'HNHN_beta': -0.5, 'restart_alpha': 0.4, 'lamda': 0.5}"
cora,HNHN,16,30,31.41,30.25,1.34,30.77,10,"{'lr': 0.05, 'wd': 0.0, 'dropout': 0.0, 'MLP_hidden': 64, 'HNHN_alpha': -0.5, 'HNHN_beta': 0.0}"
cora,HNHN,2,30,79.17,76.12,1.65,77.70,10,"{'lr': 0.01, 'wd': 0.001, 'dropout': 0.7, 'MLP_hidden': 512, 'HNHN_alpha': 0.0, 'HNHN_beta': -0.5}"
cora,HNHN,32,30,30.63,30.25,1.34,30.77,10,"{'lr': 0.01, 'wd': 1e-05, 'dropout': 0.30000000000000004, 'MLP_hidden': 256, 'HNHN_alpha': -1.5, 'HNHN_beta': 0.0}"
cora,HNHN,4,30,69.72,67.58,2.24,68.85,10,"{'lr': 0.005, 'wd': 0.0, 'dropout': 0.4, 'MLP_hidden': 512, 'HNHN_alpha': -0.5, 'HNHN_beta': 0.0}"
cora,HNHN,64,30,30.63,30.25,1.34,30.77,10,"{'lr': 0.05, 'wd': 1e-05, 'dropout': 0.1, 'MLP_hidden': 128, 'HNHN_alpha': -1.0, 'HNHN_beta': -0.5}"
cora,HNHN,8,30,62.04,55.07,11.49,55.45,10,"{'lr': 0.01, 'wd': 0.0, 'dropout': 0.2, 'MLP_hidden': 128, 'HNHN_alpha': -1.0, 'HNHN_beta': 0.0}"
cora,HyperGCNII,16,30,81.44,79.10,1.27,80.58,10,"{'lr': 0.001, 'wd': 0.0, 'dropout': 0.5, 'MLP_hidden': 512, 'restart_alpha': 0.3, 'lamda': 1.0, 'HyperGCN_lazy': False}"
cora,HyperGCNII,2,51,80.85,77.71,1.32,79.65,10,"{'lr': 0.005, 'wd': 0.001, 'dropout': 0.30000000000000004, 'MLP_hidden': 256, 'restart_alpha': 0.2, 'lamda': 0.5, 'HyperGCN_lazy': False}"
cora,HyperGCNII,32,32,82.32,79.62,1.41,80.99,10,"{'lr': 0.01, 'wd': 1e-05, 'dropout': 0.4, 'MLP_hidden': 256, 'restart_alpha': 0.2, 'lamda': 1.0, 'HyperGCN_lazy': False}"
cora,HyperGCNII,4,46,80.85,78.49,2.27,79.90,10,"{'lr': 0.005, 'wd': 1e-05, 'dropout': 0.2, 'MLP_hidden': 64, 'restart_alpha': 0.2, 'lamda': 0.5, 'HyperGCN_lazy': False}"
cora,HyperGCNII,64,32,82.47,80.04,1.29,81.18,10,"{'lr': 0.005, 'wd': 0.0, 'dropout': 0.4, 'MLP_hidden': 256, 'restart_alpha': 0.15000000000000002, 'lamda': 1.5, 'HyperGCN_lazy': False}"
cora,HyperGCNII,8,39,81.04,79.05,1.14,80.07,10,"{'lr': 0.001, 'wd': 0.001, 'dropout': 0.0, 'MLP_hidden': 256, 'restart_alpha': 0.25, 'lamda': 0.5, 'HyperGCN_lazy': False}"
cora,HyperGCN,16,30,50.62,47.03,4.19,47.95,10,"{'lr': 0.001, 'wd': 0.0, 'dropout': 0.2, 'MLP_hidden': 256}"
cora,HyperGCN,2,59,82.42,80.13,1.14,81.37,10,"{'lr': 0.005, 'wd': 0.0, 'dropout': 0.7, 'MLP_hidden': 512}"
cora,HyperGCN,32,32,32.69,31.14,1.64,31.86,10,"{'lr': 0.05, 'wd': 0.0001, 'dropout': 0.0, 'MLP_hidden': 128}"
cora,HyperGCN,4,54,81.19,78.35,1.29,80.06,10,"{'lr': 0.001, 'wd': 1e-05, 'dropout': 0.6000000000000001, 'MLP_hidden': 512}"
cora,HyperGCN,64,32,32.30,30.99,2.08,31.86,10,"{'lr': 0.1, 'wd': 1e-05, 'dropout': 0.1, 'MLP_hidden': 64}"
cora,HyperGCN,8,41,72.23,62.70,12.67,63.83,10,"{'lr': 0.01, 'wd': 0.001, 'dropout': 0.30000000000000004, 'MLP_hidden': 128}"
cora,UniGCNII,16,30,82.87,80.90,1.30,81.74,10,"{'lr': 0.005, 'wd': 0.001, 'dropout': 0.4, 'MLP_hidden': 512, 'restart_alpha': 0.05, 'lamda': 0.5, 'input_drop': 0.0, 'activation': 'prelu', 'use_norm': False}"
cora,UniGCNII,2,39,82.91,80.21,1.30,81.86,10,"{'lr': 0.1, 'wd': 0.0, 'dropout': 0.7, 'MLP_hidden': 256, 'restart_alpha': 0.1, 'lamda': 0.5, 'input_drop': 0.2, 'activation': 'prelu', 'use_norm': False}"
cora,UniGCNII,32,32,82.62,80.35,1.19,81.54,10,"{'lr': 0.1, 'wd': 0.0001, 'dropout': 0.5, 'MLP_hidden': 256, 'restart_alpha': 0.2, 'lamda': 1.0, 'input_drop': 0.0, 'activation': 'relu', 'use_norm': False}"
cora,UniGCNII,4,36,83.01,80.28,1.32,81.92,10,"{'lr': 0.05, 'wd': 1e-05, 'dropout': 0.6000000000000001, 'MLP_hidden': 256, 'restart_alpha': 0.1, 'lamda': 0.5, 'input_drop': 0.0, 'activation': 'prelu', 'use_norm': False}"
cora,UniGCNII,64,32,82.18,80.28,1.38,81.15,10,"{'lr': 0.05, 'wd': 0.0, 'dropout': 0.2, 'MLP_hidden': 256, 'restart_alpha': 0.05, 'lamda': 0.5, 'input_drop': 0.0, 'activation': 'prelu', 'use_norm': False}"
cora,UniGCNII,8,33,82.47,80.07,1.13,81.61,10,"{'lr': 0.005, 'wd': 0.001, 'dropout': 0.4, 'MLP_hidden': 512, 'restart_alpha': 0.05, 'lamda': 0.5, 'input_drop': 0.0, 'activation': 'prelu', 'use_norm': False}"
cora,UniGCN,16,30,41.80,34.64,5.11,36.04,10,"{'MLP_hidden': 512, 'dropout': 0.4, 'use_norm': True}"
cora,UniGCN,2,30,82.77,79.65,1.02,82.02,10,"{'MLP_hidden': 512, 'dropout': 0.7, 'use_norm': False}"
cora,UniGCN,32,30,33.68,32.05,2.24,33.37,10,"{'MLP_hidden': 64, 'dropout': 0.2, 'use_norm': True}"
cora,UniGCN,4,30,74.84,62.29,12.37,64.53,10,"{'MLP_hidden': 256, 'dropout': 0.1, 'use_norm': False}"
cora,UniGCN,64,30,34.02,32.92,1.85,33.68,10,"{'MLP_hidden': 128, 'dropout': 0.30000000000000004, 'use_norm': True}"
cora,UniGCN,8,30,59.08,53.44,6.54,54.90,10,"{'MLP_hidden': 256, 'dropout': 0.1, 'use_norm': True}"
house-committees-100,AllSetformerII,16,30,88.72,84.30,1.96,87.92,10,"{'lr': 0.1, 'wd': 0.001, 'dropout': 0.7, 'MLP_hidden': 128, 'restart_alpha': 0.4, 'lamda': 0.5, 'heads': 1, 'MLP_num_layers': 2, 'decoder_num_layers': 2, 'normalization': 'ln'}"
house-committees-100,AllSetformerII,2,30,87.58,82.97,1.85,87.11,10,"{'lr': 0.05, 'wd': 0.0001, 'dropout': 0.5, 'MLP_hidden': 512, 'restart_alpha': 0.2, 'lamda': 2.0, 'heads': 8, 'MLP_num_layers': 1, 'decoder_num_layers': 2, 'normalization': 'bn'}"
house-committees-100,AllSetformerII,32,32,88.30,83.68,2.52,87.52,10,"{'lr': 0.05, 'wd': 0.001, 'dropout': 0.6000000000000001, 'MLP_hidden': 128, 'restart_alpha': 0.25, 'lamda': 1.0, 'heads': 4, 'MLP_num_layers': 1, 'decoder_num_layers': 2, 'normalization': 'ln'}"
house-committees-100,AllSetformerII,4,30,88.41,84.46,2.10,87.80,10,"{'lr': 0.05, 'wd': 0.001, 'dropout': 0.1, 'MLP_hidden': 256, 'restart_alpha': 0.05, 'lamda': 1.5, 'heads': 4, 'MLP_num_layers': 1, 'decoder_num_layers': 1, 'normalization': 'ln'}"
house-committees-100,AllSetformerII,64,28,87.78,83.07,2.88,86.99,10,"{'lr': 0.005, 'wd': 0.001, 'dropout': 0.7, 'MLP_hidden': 128, 'restart_alpha': 0.25, 'lamda': 1.0, 'heads': 8, 'MLP_num_layers': 2, 'decoder_num_layers': 2, 'normalization': 'ln'}"
house-committees-100,AllSetformerII,8,30,88.30,83.62,2.64,87.11,10,"{'lr': 0.1, 'wd': 0.001, 'dropout': 0.2, 'MLP_hidden': 64, 'restart_alpha': 0.15000000000000002, 'lamda': 2.0, 'heads': 4, 'MLP_num_layers': 1, 'decoder_num_layers': 1, 'normalization': 'ln'}"
house-committees-100,AllSetformer,16,30,51.55,50.28,2.89,51.24,10,"{'lr': 0.1, 'wd': 0.001, 'dropout': 0.30000000000000004, 'MLP_hidden': 256, 'heads': 4, 'MLP_num_layers': 2, 'decoder_num_layers': 1, 'normalization': 'bn'}"
house-committees-100,AllSetformer,2,30,85.51,83.13,2.02,85.25,10,"{'lr': 0.005, 'wd': 1e-05, 'dropout': 0.2, 'MLP_hidden': 128, 'heads': 1, 'MLP_num_layers': 2, 'decoder_num_layers': 2, 'normalization': 'bn'}"
house-committees-100,AllSetformer,32,32,51.55,50.93,2.75,51.24,10,"{'lr': 0.005, 'wd': 0.001, 'dropout': 0.4, 'MLP_hidden': 128, 'heads': 1, 'MLP_num_layers': 2, 'decoder_num_layers': 2, 'normalization': 'bn'}"
house-committees-100,AllSetformer,4,30,77.95,72.91,9.32,74.50,10,"{'lr': 0.001, 'wd': 0.001, 'dropout': 0.0, 'MLP_hidden': 128, 'heads': 4, 'MLP_num_layers': 1, 'decoder_num_layers': 2, 'normalization': 'bn'}"
house-committees-100,AllSetformer,64,29,51.55,51.92,2.18,50.87,10,"{'lr': 0.005, 'wd': 0.001, 'dropout': 0.30000000000000004, 'MLP_hidden': 64, 'heads': 1, 'MLP_num_layers': 2, 'decoder_num_layers': 2, 'normalization': 'ln'}"
house-committees-100,AllSetformer,8,30,51.55,50.28,2.89,51.24,10,"{'lr': 0.1, 'wd': 0.001, 'dropout': 0.30000000000000004, 'MLP_hidden': 256, 'heads': 4, 'MLP_num_layers': 2, 'decoder_num_layers': 1, 'normalization': 'bn'}"
house-committees-100,HGNNII,16,30,88.51,84.92,2.27,88.23,10,"{'lr': 0.1, 'wd': 0.001, 'dropout': 0.5, 'MLP_hidden': 64, 'restart_alpha': 0.05, 'lamda': 1.0}"
house-committees-100,HGNNII,2,30,87.89,84.37,2.38,87.52,10,"{'lr': 0.1, 'wd': 0.001, 'dropout': 0.0, 'MLP_hidden': 256, 'restart_alpha': 0.4, 'lamda': 0.5}"
house-committees-100,HGNNII,32,32,87.99,84.09,2.35,87.67,10,"{'lr': 0.1, 'wd': 0.001, 'dropout': 0.30000000000000004, 'MLP_hidden': 64, 'restart_alpha': 0.35000000000000003, 'lamda': 1.5}"
house-committees-100,HGNNII,4,30,88.10,83.50,2.23,87.14,10,"{'lr': 0.05, 'wd': 0.001, 'dropout': 0.7, 'MLP_hidden': 64, 'restart_alpha': 0.35000000000000003, 'lamda': 1.5}"
house-committees-100,HGNNII,64,32,88.92,84.12,2.35,88.17,10,"{'lr': 0.1, 'wd': 0.001, 'dropout': 0.6000000000000001, 'MLP_hidden': 64, 'restart_alpha': 0.1, 'lamda': 1.0}"
house-committees-100,HGNNII,8,30,87.89,83.75,2.34,87.24,10,"{'lr': 0.1, 'wd': 0.001, 'dropout': 0.5, 'MLP_hidden': 64, 'restart_alpha': 0.25, 'lamda': 1.0}"
house-committees-100,HGNN,16,30,56.52,53.22,3.19,55.22,10,"{'lr': 0.005, 'wd': 0.001, 'dropout': 0.30000000000000004, 'MLP_hidden': 512}"
house-committees-100,HGNN,2,30,72.57,69.32,2.18,72.30,10,"{'lr': 0.05, 'wd': 0.001, 'dropout': 0.5, 'MLP_hidden': 128}"
house-committees-100,HGNN,32,32,55.69,54.77,3.36,55.65,10,"{'lr': 0.005, 'wd': 0.001, 'dropout': 0.2, 'MLP_hidden': 256}"
house-committees-100,HGNN,4,30,61.18,59.35,2.57,61.06,10,"{'lr': 0.005, 'wd': 0.001, 'dropout': 0.4, 'MLP_hidden': 512}"
house-committees-100,HGNN,64,32,55.28,52.38,3.31,55.25,10,"{'lr': 0.001, 'wd': 1e-05, 'dropout': 0.4, 'MLP_hidden': 128}"
house-committees-100,HGNN,8,30,57.14,54.80,2.61,56.02,10,"{'lr': 0.05, 'wd': 0.0, 'dropout': 0.2, 'MLP_hidden': 64}"
house-committees-100,HNHNII,16,30,87.89,84.37,2.44,87.52,10,"{'lr': 0.01, 'wd': 0.001, 'dropout': 0.1, 'MLP_hidden': 256, 'HNHN_alpha': 0.0, 'HNHN_beta': -0.5, 'restart_alpha': 0.2, 'lamda': 1.5}"
house-committees-100,HNHNII,2,30,87.16,84.21,2.75,87.11,10,"{'lr': 0.01, 'wd': 0.001, 'dropout': 0.2, 'MLP_hidden': 128, 'HNHN_alpha': 0.0, 'HNHN_beta': -0.5, 'restart_alpha': 0.2, 'lamda': 1.5}"
house-committees-100,HNHNII,32,30,88.72,81.67,8.72,84.97,10,"{'lr': 0.1, 'wd': 0.001, 'dropout': 0.7, 'MLP_hidden': 256, 'HNHN_alpha': -0.5, 'HNHN_beta': 0.0, 'restart_alpha': 0.05, 'lamda': 0.5}"
house-committees-100,HNHNII,4,30,87.89,83.25,2.36,87.39,10,"{'lr': 0.1, 'wd': 0.001, 'dropout': 0.7, 'MLP_hidden': 64, 'HNHN_alpha': 0.0, 'HNHN_beta': -0.5, 'restart_alpha': 0.3, 'lamda': 0.5}"
house-committees-100,HNHNII,64,30,88.51,84.49,2.23,87.86,10,"{'lr': 0.05, 'wd': 0.001, 'dropout': 0.7, 'MLP_hidden': 128, 'HNHN_alpha': -0.5, 'HNHN_beta': 0.0, 'restart_alpha': 0.05, 'lamda': 1.5}"
house-committees-100,HNHNII,8,30,87.99,82.14,1.64,86.80,10,"{'lr': 0.1, 'wd': 0.001, 'dropout': 0.1, 'MLP_hidden': 128, 'HNHN_alpha': -1.5, 'HNHN_beta': -1.0, 'restart_alpha': 0.15000000000000002, 'lamda': 2.0}"
house-committees-100,HNHN,16,30,52.28,50.93,2.75,51.24,10,"{'lr': 0.05, 'wd': 0.0, 'dropout': 0.2, 'MLP_hidden': 512, 'HNHN_alpha': -1.0, 'HNHN_beta': -1.0}"
house-committees-100,HNHN,2,30,87.16,82.79,2.05,86.74,10,"{'lr': 0.001, 'wd': 0.0001, 'dropout': 0.5, 'MLP_hidden': 512, 'HNHN_alpha': -1.5, 'HNHN_beta': 0.0}"
house-committees-100,HNHN,32,32,51.55,50.93,2.75,51.24,10,"{'lr': 0.005, 'wd': 0.001, 'dropout': 0.4, 'MLP_hidden': 128, 'HNHN_alpha': -1.5, 'HNHN_beta': -1.0}"
house-committees-100,HNHN,4,30,86.65,82.01,2.04,85.71,10,"{'lr': 0.005, 'wd': 0.0001, 'dropout': 0.5, 'MLP_hidden': 256, 'HNHN_alpha': -1.5, 'HNHN_beta': -1.0}"
house-committees-100,HNHN,64,32,51.55,50.93,2.75,51.24,10,"{'lr': 0.005, 'wd': 0.001, 'dropout': 0.30000000000000004, 'MLP_hidden': 64, 'HNHN_alpha': -1.5, 'HNHN_beta': 0.0}"
house-committees-100,HNHN,8,30,85.51,79.29,4.48,82.05,10,"{'lr': 0.005, 'wd': 0.0, 'dropout': 0.4, 'MLP_hidden': 128, 'HNHN_alpha': -1.5, 'HNHN_beta': -1.0}"
house-committees-100,HyperGCNII,16,30,88.20,84.49,1.99,87.30,10,"{'lr': 0.05, 'wd': 0.001, 'dropout': 0.2, 'MLP_hidden': 128, 'restart_alpha': 0.45, 'lamda': 0.5, 'HyperGCN_lazy': False}"
house-committees-100,HyperGCNII,2,30,87.68,84.24,1.73,87.20,10,"{'lr': 0.005, 'wd': 0.001, 'dropout': 0.5, 'MLP_hidden': 512, 'restart_alpha': 0.35000000000000003, 'lamda': 1.5, 'HyperGCN_lazy': True}"
house-committees-100,HyperGCNII,32,32,87.58,84.40,2.18,87.08,10,"{'lr': 0.05, 'wd': 0.0001, 'dropout': 0.5, 'MLP_hidden': 256, 'restart_alpha': 0.45, 'lamda': 1.5, 'HyperGCN_lazy': True}"
house-committees-100,HyperGCNII,4,30,86.96,83.28,2.42,86.24,10,"{'lr': 0.05, 'wd': 0.001, 'dropout': 0.0, 'MLP_hidden': 128, 'restart_alpha': 0.45, 'lamda': 1.0, 'HyperGCN_lazy': False}"
house-committees-100,HyperGCNII,64,32,88.72,84.89,2.38,87.95,10,"{'lr': 0.1, 'wd': 0.001, 'dropout': 0.0, 'MLP_hidden': 256, 'restart_alpha': 0.3, 'lamda': 0.5, 'HyperGCN_lazy': True}"
house-committees-100,HyperGCNII,8,30,87.99,84.12,1.33,87.58,10,"{'lr': 0.05, 'wd': 0.001, 'dropout': 0.6000000000000001, 'MLP_hidden': 128, 'restart_alpha': 0.45, 'lamda': 0.5, 'HyperGCN_lazy': True}"
house-committees-100,HyperGCN,16,30,59.73,52.57,5.30,54.10,10,"{'lr': 0.005, 'wd': 1e-05, 'dropout': 0.0, 'MLP_hidden': 64}"
house-committees-100,HyperGCN,2,30,86.75,82.07,2.19,85.75,10,"{'lr': 0.05, 'wd': 0.001, 'dropout': 0.0, 'MLP_hidden': 128}"
house-committees-100,HyperGCN,32,32,53.00,50.43,3.00,51.80,10,"{'lr': 0.1, 'wd': 0.0, 'dropout': 0.0, 'MLP_hidden': 64}"
house-committees-100,HyperGCN,4,30,85.40,80.03,2.64,84.16,10,"{'lr': 0.001, 'wd': 0.0001, 'dropout': 0.7, 'MLP_hidden': 512}"
house-committees-100,HyperGCN,64,32,53.21,50.96,3.48,52.30,10,"{'lr': 0.05, 'wd': 1e-05, 'dropout': 0.30000000000000004, 'MLP_hidden': 128}"
house-committees-100,HyperGCN,8,30,81.16,77.03,2.31,80.53,10,"{'lr': 0.001, 'wd': 0.0001, 'dropout': 0.1, 'MLP_hidden': 256}"
house-committees-100,UniGCNII,16,30,88.20,84.95,2.49,87.83,10,"{'lr': 0.05, 'wd': 0.001, 'dropout': 0.4, 'MLP_hidden': 512, 'restart_alpha': 0.05, 'lamda': 2.0, 'input_drop': 0.0, 'activation': 'prelu', 'use_norm': True}"
house-committees-100,UniGCNII,2,30,87.99,84.89,2.17,87.45,10,"{'lr': 0.005, 'wd': 0.001, 'dropout': 0.5, 'MLP_hidden': 512, 'restart_alpha': 0.05, 'lamda': 1.0, 'input_drop': 0.4, 'activation': 'prelu', 'use_norm': True}"
house-committees-100,UniGCNII,32,32,87.47,83.72,2.52,86.80,10,"{'lr': 0.01, 'wd': 0.0001, 'dropout': 0.5, 'MLP_hidden': 128, 'restart_alpha': 0.4, 'lamda': 1.0, 'input_drop': 0.6, 'activation': 'relu', 'use_norm': True}"
house-committees-100,UniGCNII,4,30,87.99,84.37,2.39,86.89,10,"{'lr': 0.1, 'wd': 0.001, 'dropout': 0.6000000000000001, 'MLP_hidden': 128, 'restart_alpha': 0.4, 'lamda': 0.5, 'input_drop': 0.2, 'activation': 'relu', 'use_norm': True}"
house-committees-100,UniGCNII,64,32,87.58,84.46,1.96,86.96,10,"{'lr': 0.1, 'wd': 0.0, 'dropout': 0.30000000000000004, 'MLP_hidden': 256, 'restart_alpha': 0.15000000000000002, 'lamda': 0.5, 'input_drop': 0.2, 'activation': 'relu', 'use_norm': True}"
house-committees-100,UniGCNII,8,30,87.89,84.49,2.05,87.33,10,"{'lr': 0.1, 'wd': 1e-05, 'dropout': 0.30000000000000004, 'MLP_hidden': 512, 'restart_alpha': 0.3, 'lamda': 0.5, 'input_drop': 0.4, 'activation': 'prelu', 'use_norm': True}"
house-committees-100,UniGCN,16,30,51.55,49.57,2.87,50.25,10,"{'MLP_hidden': 256, 'dropout': 0.1, 'use_norm': False}"
house-committees-100,UniGCN,2,30,65.01,62.79,4.88,64.10,10,"{'MLP_hidden': 512, 'dropout': 0.0, 'use_norm': False}"
house-committees-100,UniGCN,32,30,51.55,50.93,2.75,51.24,10,"{'MLP_hidden': 128, 'dropout': 0.1, 'use_norm': True}"
house-committees-100,UniGCN,4,30,53.52,52.82,3.15,54.53,10,"{'MLP_hidden': 256, 'dropout': 0.30000000000000004, 'use_norm': False}"
house-committees-100,UniGCN,64,30,51.55,50.93,2.75,51.24,10,"{'MLP_hidden': 256, 'dropout': 0.6000000000000001, 'use_norm': True}"
house-committees-100,UniGCN,8,30,51.55,50.93,2.75,51.24,10,"{'MLP_hidden': 128, 'dropout': 0.0, 'use_norm': True}"
pokec,AllSetformerII,16,30,61.07,59.26,0.74,61.02,10,"{'lr': 0.05, 'wd': 0.0, 'dropout': 0.0, 'MLP_hidden': 256, 'restart_alpha': 0.5, 'lamda': 1.5, 'heads': 4, 'MLP_num_layers': 1, 'decoder_num_layers': 1, 'normalization': 'ln'}"
pokec,AllSetformerII,2,30,60.77,59.02,0.48,60.77,10,"{'lr': 0.01, 'wd': 0.0, 'dropout': 0.0, 'MLP_hidden': 128, 'restart_alpha': 0.25, 'lamda': 2.0, 'heads': 1, 'MLP_num_layers': 1, 'decoder_num_layers': 1, 'normalization': 'bn'}"
pokec,AllSetformerII,32,4,60.51,58.98,0.57,60.51,10,"{'lr': 0.01, 'wd': 0.0, 'dropout': 0.5, 'MLP_hidden': 64, 'restart_alpha': 0.5, 'lamda': 1.5, 'heads': 4, 'MLP_num_layers': 1, 'decoder_num_layers': 2, 'normalization': 'bn'}"
pokec,AllSetformerII,4,30,60.73,59.65,0.76,60.73,10,"{'lr': 0.005, 'wd': 0.0, 'dropout': 0.30000000000000004, 'MLP_hidden': 256, 'restart_alpha': 0.5, 'lamda': 2.0, 'heads': 1, 'MLP_num_layers': 2, 'decoder_num_layers': 1, 'normalization': 'bn'}"
pokec,AllSetformerII,64,1,59.81,58.54,0.78,59.81,10,"{'lr': 0.005, 'wd': 0.001, 'dropout': 0.30000000000000004, 'MLP_hidden': 64, 'restart_alpha': 0.5, 'lamda': 2.0, 'heads': 8, 'MLP_num_layers': 1, 'decoder_num_layers': 1, 'normalization': 'ln'}"
pokec,AllSetformerII,8,30,61.29,59.24,0.77,60.85,10,"{'lr': 0.05, 'wd': 0.0, 'dropout': 0.0, 'MLP_hidden': 256, 'restart_alpha': 0.3, 'lamda': 1.5, 'heads': 4, 'MLP_num_layers': 1, 'decoder_num_layers': 1, 'normalization': 'bn'}"
pokec,AllSetformer,16,30,50.81,50.74,0.58,50.83,10,"{'lr': 0.005, 'wd': 0.0001, 'dropout': 0.7, 'MLP_hidden': 64, 'heads': 4, 'MLP_num_layers': 1, 'decoder_num_layers': 2, 'normalization': 'ln'}"
pokec,AllSetformer,2,30,60.70,58.89,0.62,60.70,10,"{'lr': 0.001, 'wd': 0.0, 'dropout': 0.1, 'MLP_hidden': 512, 'heads': 8, 'MLP_num_layers': 1, 'decoder_num_layers': 1, 'normalization': 'ln'}"
pokec,AllSetformer,32,4,50.77,50.62,0.69,50.77,10,"{'lr': 0.005, 'wd': 0.001, 'dropout': 0.30000000000000004, 'MLP_hidden': 64, 'heads': 1, 'MLP_num_layers': 2, 'decoder_num_layers': 2, 'normalization': 'ln'}"
pokec,AllSetformer,4,30,59.29,57.84,0.66,59.29,10,"{'lr': 0.001, 'wd': 0.0, 'dropout': 0.0, 'MLP_hidden': 64, 'heads': 8, 'MLP_num_layers': 2, 'decoder_num_layers': 1, 'normalization': 'ln'}"
pokec,AllSetformer,64,1,50.77,50.62,0.69,50.77,10,"{'lr': 0.005, 'wd': 0.001, 'dropout': 0.30000000000000004, 'MLP_hidden': 64, 'heads': 1, 'MLP_num_layers': 2, 'decoder_num_layers': 2, 'normalization': 'ln'}"
pokec,AllSetformer,8,22,59.31,57.25,0.61,59.31,10,"{'lr': 0.001, 'wd': 0.0, 'dropout': 0.0, 'MLP_hidden': 64, 'heads': 8, 'MLP_num_layers': 2, 'decoder_num_layers': 1, 'normalization': 'bn'}"
pokec,HGNNII,16,10,60.41,58.56,1.24,60.41,10,"{'lr': 0.01, 'wd': 1e-05, 'dropout': 0.1, 'MLP_hidden': 512, 'restart_alpha': 0.3, 'lamda': 2.0}"
pokec,HGNNII,2,30,60.52,58.80,1.07,60.52,10,"{'lr': 0.05, 'wd': 1e-05, 'dropout': 0.2, 'MLP_hidden': 128, 'restart_alpha': 0.5, 'lamda': 1.5}"
pokec,HGNNII,32,32,60.78,59.14,0.68,60.78,10,"{'lr': 0.05, 'wd': 1e-05, 'dropout': 0.2, 'MLP_hidden': 128, 'restart_alpha': 0.2, 'lamda': 0.5}"
pokec,HGNNII,4,30,60.55,58.73,0.72,60.55,10,"{'lr': 0.05, 'wd': 0.0, 'dropout': 0.1, 'MLP_hidden': 64, 'restart_alpha': 0.5, 'lamda': 0.5}"
pokec,HGNNII,64,5,60.78,59.04,0.67,60.78,10,"{'lr': 0.05, 'wd': 0.0001, 'dropout': 0.0, 'MLP_hidden': 128, 'restart_alpha': 0.25, 'lamda': 0.5}"
pokec,HGNNII,8,30,60.87,58.90,0.68,60.87,10,"{'lr': 0.05, 'wd': 0.0, 'dropout': 0.5, 'MLP_hidden': 128, 'restart_alpha': 0.45, 'lamda': 0.5}"
pokec,HGNN,16,30,58.98,57.26,0.76,58.98,10,"{'lr': 0.001, 'wd': 0.0001, 'dropout': 0.1, 'MLP_hidden': 128}"
pokec,HGNN,2,30,60.34,58.08,0.87,60.34,10,"{'lr': 0.1, 'wd': 0.0, 'dropout': 0.30000000000000004, 'MLP_hidden': 128}"
pokec,HGNN,32,19,56.70,55.53,2.01,56.70,10,"{'lr': 0.001, 'wd': 0.0, 'dropout': 0.1, 'MLP_hidden': 256}"
pokec,HGNN,4,30,59.88,57.89,0.83,59.88,10,"{'lr': 0.01, 'wd': 0.0, 'dropout': 0.2, 'MLP_hidden': 128}"
pokec,HGNN,64,26,52.29,51.45,1.09,52.29,10,"{'lr': 0.005, 'wd': 0.0001, 'dropout': 0.1, 'MLP_hidden': 128}"
pokec,HGNN,8,30,59.18,57.63,0.73,59.18,10,"{'lr': 0.001, 'wd': 0.0, 'dropout': 0.0, 'MLP_hidden': 256}"
pokec,HNHNII,16,30,61.15,59.03,0.79,60.87,10,"{'lr': 0.05, 'wd': 0.0, 'dropout': 0.5, 'MLP_hidden': 64, 'HNHN_alpha': 0.0, 'HNHN_beta': -0.5, 'restart_alpha': 0.2, 'lamda': 0.5}"
pokec,HNHNII,2,30,61.36,58.97,0.84,60.86,10,"{'lr': 0.1, 'wd': 0.0001, 'dropout': 0.2, 'MLP_hidden': 256, 'HNHN_alpha': -0.5, 'HNHN_beta': -0.5, 'restart_alpha': 0.45, 'lamda': 2.0}"
pokec,HNHNII,32,30,61.36,59.13,0.46,61.05,10,"{'lr': 0.05, 'wd': 1e-05, 'dropout': 0.1, 'MLP_hidden': 256, 'HNHN_alpha': -0.5, 'HNHN_beta': 0.0, 'restart_alpha': 0.45, 'lamda': 2.0}"
pokec,HNHNII,4,30,61.17,59.25,0.84,60.91,10,"{'lr': 0.05, 'wd': 1e-05, 'dropout': 0.5, 'MLP_hidden': 256, 'HNHN_alpha': -1.5, 'HNHN_beta': 0.0, 'restart_alpha': 0.35000000000000003, 'lamda': 1.5}"
pokec,HNHNII,64,30,61.29,59.29,0.68,61.00,10,"{'lr': 0.01, 'wd': 0.0001, 'dropout': 0.2, 'MLP_hidden': 128, 'HNHN_alpha': -1.0, 'HNHN_beta': -1.0, 'restart_alpha': 0.45, 'lamda': 2.0}"
pokec,HNHNII,8,30,61.29,59.32,0.48,61.10,10,"{'lr': 0.05, 'wd': 1e-05, 'dropout': 0.30000000000000004, 'MLP_hidden': 64, 'HNHN_alpha': 0.0, 'HNHN_beta': -0.5, 'restart_alpha': 0.35000000000000003, 'lamda': 2.0}"
pokec,HNHN,16,30,52.10,50.75,0.92,51.22,10,"{'lr': 0.05, 'wd': 0.001, 'dropout': 0.2, 'MLP_hidden': 256, 'HNHN_alpha': 0.0, 'HNHN_beta': -1.0}"
pokec,HNHN,2,30,60.59,58.86,0.81,60.39,10,"{'lr': 0.005, 'wd': 0.0, 'dropout': 0.30000000000000004, 'MLP_hidden': 64, 'HNHN_alpha': -1.0, 'HNHN_beta': 0.0}"
pokec,HNHN,32,29,50.77,50.62,0.69,50.77,10,"{'lr': 0.005, 'wd': 0.001, 'dropout': 0.4, 'MLP_hidden': 128, 'HNHN_alpha': -1.5, 'HNHN_beta': -1.0}"
pokec,HNHN,4,30,60.29,58.59,0.66,59.91,10,"{'lr': 0.001, 'wd': 1e-05, 'dropout': 0.30000000000000004, 'MLP_hidden': 512, 'HNHN_alpha': -1.0, 'HNHN_beta': -1.0}"
pokec,HNHN,64,11,50.77,50.62,0.69,50.77,10,"{'lr': 0.005, 'wd': 0.001, 'dropout': 0.30000000000000004, 'MLP_hidden': 64, 'HNHN_alpha': -1.5, 'HNHN_beta': 0.0}"
pokec,HNHN,8,30,58.04,56.08,2.64,56.28,10,"{'lr': 0.005, 'wd': 0.0, 'dropout': 0.2, 'MLP_hidden': 512, 'HNHN_alpha': 0.0, 'HNHN_beta': -1.0}"
pokec,HyperGCNII,16,28,61.12,59.01,0.72,61.12,10,"{'lr': 0.1, 'wd': 1e-05, 'dropout': 0.6000000000000001, 'MLP_hidden': 256, 'restart_alpha': 0.4, 'lamda': 2.0, 'HyperGCN_lazy': True}"
pokec,HyperGCNII,2,30,61.13,59.05,0.63,61.13,10,"{'lr': 0.1, 'wd': 1e-05, 'dropout': 0.6000000000000001, 'MLP_hidden': 64, 'restart_alpha': 0.3, 'lamda': 0.5, 'HyperGCN_lazy': True}"
pokec,HyperGCNII,32,21,60.94,59.29,0.73,60.94,10,"{'lr': 0.1, 'wd': 1e-05, 'dropout': 0.5, 'MLP_hidden': 256, 'restart_alpha': 0.4, 'lamda': 1.0, 'HyperGCN_lazy': True}"
pokec,HyperGCNII,4,30,60.93,59.08,0.57,60.93,10,"{'lr': 0.01, 'wd': 0.0, 'dropout': 0.7, 'MLP_hidden': 256, 'restart_alpha': 0.5, 'lamda': 0.5, 'HyperGCN_lazy': True}"
pokec,HyperGCNII,64,2,60.00,58.71,0.79,60.00,10,"{'lr': 0.005, 'wd': 0.001, 'dropout': 0.4, 'MLP_hidden': 128, 'restart_alpha': 0.45, 'lamda': 1.0, 'HyperGCN_lazy': False}"
pokec,HyperGCNII,8,30,61.30,59.21,0.86,61.30,10,"{'lr': 0.1, 'wd': 0.0, 'dropout': 0.7, 'MLP_hidden': 256, 'restart_alpha': 0.5, 'lamda': 2.0, 'HyperGCN_lazy': True}"
pokec,HyperGCN,16,30,51.58,51.82,1.41,51.58,10,"{'lr': 0.001, 'wd': 0.0, 'dropout': 0.2, 'MLP_hidden': 128}"
pokec,HyperGCN,2,30,60.46,58.55,0.60,60.46,10,"{'lr': 0.1, 'wd': 0.0001, 'dropout': 0.30000000000000004, 'MLP_hidden': 128}"
pokec,HyperGCN,32,32,51.70,51.10,0.83,51.70,10,"{'lr': 0.05, 'wd': 1e-05, 'dropout': 0.1, 'MLP_hidden': 128}"
pokec,HyperGCN,4,30,60.13,58.47,0.61,60.13,10,"{'lr': 0.005, 'wd': 0.001, 'dropout': 0.4, 'MLP_hidden': 512}"
pokec,HyperGCN,64,3,50.98,50.74,0.58,50.98,10,"{'lr': 0.005, 'wd': 0.001, 'dropout': 0.30000000000000004, 'MLP_hidden': 64}"
pokec,HyperGCN,8,30,59.72,58.11,0.78,59.72,10,"{'lr': 0.001, 'wd': 0.001, 'dropout': 0.2, 'MLP_hidden': 512}"
pokec,UniGCNII,16,28,60.34,59.03,0.64,60.34,10,"{'lr': 0.001, 'wd': 1e-05, 'dropout': 0.0, 'MLP_hidden': 256, 'restart_alpha': 0.45, 'lamda': 2.0, 'input_drop': 0.2, 'activation': 'prelu', 'use_norm': False}"
pokec,UniGCNII,2,30,60.45,58.66,0.92,60.45,10,"{'lr': 0.05, 'wd': 1e-05, 'dropout': 0.30000000000000004, 'MLP_hidden': 128, 'restart_alpha': 0.5, 'lamda': 2.0, 'input_drop': 0.2, 'activation': 'prelu', 'use_norm': True}"
pokec,UniGCNII,32,21,60.56,58.87,1.03,60.56,10,"{'lr': 0.01, 'wd': 0.001, 'dropout': 0.2, 'MLP_hidden': 256, 'restart_alpha': 0.5, 'lamda': 1.5, 'input_drop': 0.0, 'activation': 'relu', 'use_norm': False}"
pokec,UniGCNII,4,30,60.45,58.58,0.83,60.45,10,"{'lr': 0.05, 'wd': 1e-05, 'dropout': 0.2, 'MLP_hidden': 128, 'restart_alpha': 0.45, 'lamda': 2.0, 'input_drop': 0.0, 'activation': 'prelu', 'use_norm': True}"
pokec,UniGCNII,64,3,60.05,58.72,0.83,60.05,10,"{'lr': 0.005, 'wd': 0.001, 'dropout': 0.4, 'MLP_hidden': 128, 'restart_alpha': 0.45, 'lamda': 1.0, 'input_drop': 0.0, 'activation': 'prelu', 'use_norm': True}"
pokec,UniGCNII,8,30,60.47,58.83,0.69,60.47,10,"{'lr': 0.01, 'wd': 0.0001, 'dropout': 0.1, 'MLP_hidden': 256, 'restart_alpha': 0.5, 'lamda': 2.0, 'input_drop': 0.2, 'activation': 'prelu', 'use_norm': True}"
pokec,UniGCN,16,30,50.77,50.62,0.69,50.82,10,"{'MLP_hidden': 512, 'dropout': 0.30000000000000004, 'use_norm': True}"
pokec,UniGCN,2,30,60.02,58.50,0.61,59.74,10,"{'MLP_hidden': 64, 'dropout': 0.0, 'use_norm': False}"
pokec,UniGCN,32,30,50.77,50.62,0.69,50.82,10,"{'MLP_hidden': 256, 'dropout': 0.7, 'use_norm': True}"
pokec,UniGCN,4,30,57.35,54.52,2.22,55.64,10,"{'MLP_hidden': 64, 'dropout': 0.1, 'use_norm': False}"
pokec,UniGCN,64,30,50.77,50.25,0.89,50.49,10,"{'MLP_hidden': 64, 'dropout': 0.6000000000000001, 'use_norm': False}"
pokec,UniGCN,8,30,50.84,50.74,0.58,50.85,10,"{'MLP_hidden': 256, 'dropout': 0.5, 'use_norm': True}"
NTU2012,AllSetformerII,16,30,88.67,88.03,1.14,89.22,10,"{'lr': 0.001, 'wd': 1e-05, 'dropout': 0.2, 'MLP_hidden': 256, 'restart_alpha': 0.5, 'lamda': 1.5, 'heads': 4, 'MLP_num_layers': 2, 'decoder_num_layers': 2, 'normalization': 'bn'}"
NTU2012,AllSetformerII,2,30,88.14,85.65,2.21,88.09,10,"{'lr': 0.001, 'wd': 1e-05, 'dropout': 0.1, 'MLP_hidden': 256, 'restart_alpha': 0.4, 'lamda': 1.0, 'heads': 1, 'MLP_num_layers': 1, 'decoder_num_layers': 1, 'normalization': 'ln'}"
NTU2012,AllSetformerII,32,32,87.41,86.30,2.24,87.89,10,"{'lr': 0.005, 'wd': 0.001, 'dropout': 0.1, 'MLP_hidden': 64, 'restart_alpha': 0.5, 'lamda': 1.5, 'heads': 8, 'MLP_num_layers': 1, 'decoder_num_layers': 2, 'normalization': 'ln'}"
NTU2012,AllSetformerII,4,30,87.81,87.71,1.78,88.37,10,"{'lr': 0.01, 'wd': 0.0, 'dropout': 0.5, 'MLP_hidden': 128, 'restart_alpha': 0.5, 'lamda': 0.5, 'heads': 1, 'MLP_num_layers': 1, 'decoder_num_layers': 1, 'normalization': 'bn'}"
NTU2012,AllSetformerII,64,32,88.54,88.13,1.47,89.46,10,"{'lr': 0.01, 'wd': 0.001, 'dropout': 0.6000000000000001, 'MLP_hidden': 256, 'restart_alpha': 0.45, 'lamda': 2.0, 'heads': 1, 'MLP_num_layers': 1, 'decoder_num_layers': 1, 'normalization': 'bn'}"
NTU2012,AllSetformerII,8,30,89.20,88.03,1.02,89.42,10,"{'lr': 0.001, 'wd': 1e-05, 'dropout': 0.2, 'MLP_hidden': 512, 'restart_alpha': 0.5, 'lamda': 1.0, 'heads': 4, 'MLP_num_layers': 2, 'decoder_num_layers': 2, 'normalization': 'bn'}"
NTU2012,AllSetformer,16,30,5.63,4.21,1.00,5.63,10,"{'lr': 0.1, 'wd': 0.001, 'dropout': 0.0, 'MLP_hidden': 128, 'heads': 4, 'MLP_num_layers': 1, 'decoder_num_layers': 2, 'normalization': 'ln'}"
NTU2012,AllSetformer,2,30,87.61,85.77,1.95,87.81,10,"{'lr': 0.005, 'wd': 0.0001, 'dropout': 0.0, 'MLP_hidden': 128, 'heads': 1, 'MLP_num_layers': 2, 'decoder_num_layers': 1, 'normalization': 'bn'}"
NTU2012,AllSetformer,32,32,5.63,4.49,0.74,5.43,10,"{'lr': 0.1, 'wd': 0.0001, 'dropout': 0.30000000000000004, 'MLP_hidden': 256, 'heads': 4, 'MLP_num_layers': 2, 'decoder_num_layers': 2, 'normalization': 'bn'}"
NTU2012,AllSetformer,4,30,85.88,84.59,1.44,86.48,10,"{'lr': 0.001, 'wd': 0.001, 'dropout': 0.0, 'MLP_hidden': 128, 'heads': 4, 'MLP_num_layers': 2, 'decoder_num_layers': 1, 'normalization': 'bn'}"
NTU2012,AllSetformer,64,32,5.63,4.37,0.74,5.49,10,"{'lr': 0.05, 'wd': 0.001, 'dropout': 0.1, 'MLP_hidden': 64, 'heads': 4, 'MLP_num_layers': 2, 'decoder_num_layers': 1, 'normalization': 'ln'}"
NTU2012,AllSetformer,8,30,83.50,82.76,1.18,83.78,10,"{'lr': 0.001, 'wd': 0.001, 'dropout': 0.0, 'MLP_hidden': 128, 'heads': 4, 'MLP_num_layers': 2, 'decoder_num_layers': 1, 'normalization': 'bn'}"
NTU2012,HGNNII,16,30,89.79,89.50,1.79,90.42,10,"{'lr': 0.005, 'wd': 0.001, 'dropout': 0.5, 'MLP_hidden': 256, 'restart_alpha': 0.5, 'lamda': 0.5}"
NTU2012,HGNNII,2,30,89.53,88.91,0.99,90.28,10,"{'lr': 0.005, 'wd': 0.0, 'dropout': 0.7, 'MLP_hidden': 256, 'restart_alpha': 0.35000000000000003, 'lamda': 0.5}"
NTU2012,HGNNII,32,32,90.79,89.64,1.42,91.29,10,"{'lr': 0.05, 'wd': 0.0001, 'dropout': 0.4, 'MLP_hidden': 256, 'restart_alpha': 0.3, 'lamda': 0.5}"
NTU2012,HGNNII,4,30,89.13,88.61,1.54,89.84,10,"{'lr': 0.005, 'wd': 0.001, 'dropout': 0.6000000000000001, 'MLP_hidden': 512, 'restart_alpha': 0.35000000000000003, 'lamda': 0.5}"
NTU2012,HGNNII,64,32,91.45,89.72,1.39,91.55,10,"{'lr': 0.05, 'wd': 0.0001, 'dropout': 0.6000000000000001, 'MLP_hidden': 256, 'restart_alpha': 0.25, 'lamda': 1.0}"
NTU2012,HGNNII,8,30,89.93,89.52,1.35,90.60,10,"{'lr': 0.01, 'wd': 0.0001, 'dropout': 0.6000000000000001, 'MLP_hidden': 256, 'restart_alpha': 0.45, 'lamda': 1.0}"
NTU2012,HGNN,16,30,83.63,82.54,1.57,84.04,10,"{'lr': 0.001, 'wd': 0.0001, 'dropout': 0.2, 'MLP_hidden': 256}"
NTU2012,HGNN,2,30,88.14,87.67,1.35,88.71,10,"{'lr': 0.01, 'wd': 0.001, 'dropout': 0.5, 'MLP_hidden': 512}"
NTU2012,HGNN,32,32,62.09,52.88,9.62,54.93,10,"{'lr': 0.001, 'wd': 0.0001, 'dropout': 0.1, 'MLP_hidden': 128}"
NTU2012,HGNN,4,30,86.81,85.29,1.21,87.00,10,"{'lr': 0.005, 'wd': 0.001, 'dropout': 0.6000000000000001, 'MLP_hidden': 256}"
NTU2012,HGNN,64,32,9.01,5.07,0.91,6.08,10,"{'lr': 0.005, 'wd': 0.001, 'dropout': 0.1, 'MLP_hidden': 256}"
NTU2012,HGNN,8,30,85.42,84.08,1.58,85.33,10,"{'lr': 0.001, 'wd': 0.0, 'dropout': 0.6000000000000001, 'MLP_hidden': 256}"
NTU2012,HNHNII,16,30,90.79,90.20,1.22,91.21,10,"{'lr': 0.01, 'wd': 0.0001, 'dropout': 0.30000000000000004, 'MLP_hidden': 512, 'restart_alpha': 0.35000000000000003, 'lamda': 0.5, 'HNHN_alpha': 0.0, 'HNHN_beta': -0.5}"
NTU2012,HNHNII,2,30,89.53,88.71,1.32,90.10,10,"{'lr': 0.005, 'wd': 1e-05, 'dropout': 0.7, 'MLP_hidden': 512, 'restart_alpha': 0.35000000000000003, 'lamda': 0.5, 'HNHN_alpha': 0.0, 'HNHN_beta': 0.0}"
NTU2012,HNHNII,32,32,90.85,89.20,1.23,91.01,10,"{'lr': 0.05, 'wd': 0.001, 'dropout': 0.2, 'MLP_hidden': 128, 'restart_alpha': 0.35000000000000003, 'lamda': 1.0, 'HNHN_alpha': -0.5, 'HNHN_beta': 0.0}"
NTU2012,HNHNII,4,30,88.93,88.39,0.87,89.32,10,"{'lr': 0.005, 'wd': 0.0001, 'dropout': 0.5, 'MLP_hidden': 256, 'restart_alpha': 0.45, 'lamda': 1.0, 'HNHN_alpha': 0.0, 'HNHN_beta': -1.0}"
NTU2012,HNHNII,64,32,90.72,89.54,1.07,91.19,10,"{'lr': 0.05, 'wd': 0.001, 'dropout': 0.2, 'MLP_hidden': 128, 'restart_alpha': 0.35000000000000003, 'lamda': 1.0, 'HNHN_alpha': -0.5, 'HNHN_beta': 0.0}"
NTU2012,HNHNII,8,30,89.40,88.99,1.23,89.80,10,"{'lr': 0.005, 'wd': 1e-05, 'dropout': 0.4, 'MLP_hidden': 256, 'restart_alpha': 0.4, 'lamda': 0.5, 'HNHN_alpha': 0.0, 'HNHN_beta': 0.0}"
NTU2012,HNHN,16,30,6.30,4.77,1.41,5.96,10,"{'lr': 0.05, 'wd': 1e-05, 'dropout': 0.2, 'MLP_hidden': 128, 'HNHN_alpha': -1.5, 'HNHN_beta': 0.0}"
NTU2012,HNHN,2,30,88.54,86.68,0.84,88.49,10,"{'lr': 0.005, 'wd': 0.0001, 'dropout': 0.6000000000000001, 'MLP_hidden': 512, 'HNHN_alpha': -1.0, 'HNHN_beta': 0.0}"
NTU2012,HNHN,32,32,5.63,4.57,0.74,5.23,10,"{'lr': 0.005, 'wd': 0.001, 'dropout': 0.30000000000000004, 'MLP_hidden': 64, 'HNHN_alpha': -1.5, 'HNHN_beta': 0.0}"
NTU2012,HNHN,4,30,47.32,47.57,7.11,48.93,10,"{'lr': 0.005, 'wd': 1e-05, 'dropout': 0.30000000000000004, 'MLP_hidden': 128, 'HNHN_alpha': 0.0, 'HNHN_beta': -0.5}"
NTU2012,HNHN,64,32,6.10,4.49,1.06,5.79,10,"{'lr': 0.01, 'wd': 0.0, 'dropout': 0.2, 'MLP_hidden': 256, 'HNHN_alpha': 0.0, 'HNHN_beta': -0.5}"
NTU2012,HNHN,8,30,26.51,21.29,3.35,22.98,10,"{'lr': 0.005, 'wd': 1e-05, 'dropout': 0.4, 'MLP_hidden': 256, 'HNHN_alpha': -1.0, 'HNHN_beta': -0.5}"
NTU2012,HyperGCNII,16,30,89.79,89.09,1.51,90.44,10,"{'lr': 0.01, 'wd': 0.001, 'dropout': 0.7, 'MLP_hidden': 512, 'restart_alpha': 0.45, 'lamda': 0.5, 'HyperGCN_lazy': False}"
NTU2012,HyperGCNII,2,30,88.27,86.92,1.46,88.79,10,"{'lr': 0.005, 'wd': 0.0, 'dropout': 0.7, 'MLP_hidden': 512, 'restart_alpha': 0.1, 'lamda': 0.5, 'HyperGCN_lazy': True}"
NTU2012,HyperGCNII,32,32,89.13,89.52,1.50,89.76,10,"{'lr': 0.01, 'wd': 0.001, 'dropout': 0.30000000000000004, 'MLP_hidden': 128, 'restart_alpha': 0.35000000000000003, 'lamda': 1.0, 'HyperGCN_lazy': False}"
NTU2012,HyperGCNII,4,30,88.67,88.39,1.70,89.44,10,"{'lr': 0.05, 'wd': 0.001, 'dropout': 0.6000000000000001, 'MLP_hidden': 512, 'restart_alpha': 0.45, 'lamda': 0.5, 'HyperGCN_lazy': False}"
NTU2012,HyperGCNII,64,32,90.06,89.34,1.38,90.28,10,"{'lr': 0.01, 'wd': 0.001, 'dropout': 0.1, 'MLP_hidden': 256, 'restart_alpha': 0.15000000000000002, 'lamda': 1.0, 'HyperGCN_lazy': True}"
NTU2012,HyperGCNII,8,30,89.60,88.91,1.65,89.96,10,"{'lr': 0.01, 'wd': 0.001, 'dropout': 0.30000000000000004, 'MLP_hidden': 512, 'restart_alpha': 0.3, 'lamda': 0.5, 'HyperGCN_lazy': False}"
NTU2012,HyperGCN,16,30,24.98,21.31,5.84,23.62,10,"{'lr': 0.001, 'wd': 0.0, 'dropout': 0.1, 'MLP_hidden': 512}"
NTU2012,HyperGCN,2,30,88.67,87.40,1.56,88.93,10,"{'lr': 0.01, 'wd': 0.001, 'dropout': 0.1, 'MLP_hidden': 512}"
NTU2012,HyperGCN,32,32,6.49,5.21,0.82,6.14,10,"{'lr': 0.05, 'wd': 1e-05, 'dropout': 0.30000000000000004, 'MLP_hidden': 128}"
NTU2012,HyperGCN,4,30,85.22,84.19,1.19,85.25,10,"{'lr': 0.001, 'wd': 0.001, 'dropout': 0.5, 'MLP_hidden': 512}"
NTU2012,HyperGCN,64,32,5.90,4.47,0.75,5.53,10,"{'lr': 0.01, 'wd': 0.001, 'dropout': 0.0, 'MLP_hidden': 64}"
NTU2012,HyperGCN,8,30,62.23,54.57,7.10,55.83,10,"{'lr': 0.001, 'wd': 0.0, 'dropout': 0.2, 'MLP_hidden': 512}"
NTU2012,UniGCNII,16,30,90.85,89.84,1.28,91.21,10,"{'lr': 0.1, 'wd': 0.0, 'dropout': 0.1, 'MLP_hidden': 512, 'restart_alpha': 0.35000000000000003, 'lamda': 0.5, 'input_drop': 0.6, 'activation': 'prelu', 'use_norm': False}"
NTU2012,UniGCNII,2,30,89.99,88.91,1.45,90.40,10,"{'lr': 0.005, 'wd': 0.0, 'dropout': 0.2, 'MLP_hidden': 512, 'restart_alpha': 0.35000000000000003, 'lamda': 0.5, 'input_drop': 0.0, 'activation': 'relu', 'use_norm': False}"
NTU2012,UniGCNII,32,32,91.05,89.98,1.28,91.29,10,"{'lr': 0.1, 'wd': 1e-05, 'dropout': 0.2, 'MLP_hidden': 256, 'restart_alpha': 0.5, 'lamda': 1.0, 'input_drop': 0.2, 'activation': 'relu', 'use_norm': False}"
NTU2012,UniGCNII,4,30,89.40,88.05,1.97,89.56,10,"{'lr': 0.05, 'wd': 1e-05, 'dropout': 0.2, 'MLP_hidden': 512, 'restart_alpha': 0.35000000000000003, 'lamda': 0.5, 'input_drop': 0.2, 'activation': 'prelu', 'use_norm': True}"
NTU2012,UniGCNII,64,32,90.92,89.94,1.06,91.15,10,"{'lr': 0.05, 'wd': 1e-05, 'dropout': 0.2, 'MLP_hidden': 256, 'restart_alpha': 0.4, 'lamda': 1.5, 'input_drop': 0.2, 'activation': 'relu', 'use_norm': False}"
NTU2012,UniGCNII,8,30,88.93,87.89,1.70,89.40,10,"{'lr': 0.05, 'wd': 0.0001, 'dropout': 0.2, 'MLP_hidden': 512, 'restart_alpha': 0.25, 'lamda': 0.5, 'input_drop': 0.2, 'activation': 'relu', 'use_norm': True}"
NTU2012,UniGCN,16,30,6.49,5.01,1.67,5.37,10,"{'MLP_hidden': 512, 'dropout': 0.5, 'use_norm': True}"
NTU2012,UniGCN,2,30,79.59,78.19,2.53,78.75,10,"{'MLP_hidden': 512, 'dropout': 0.1, 'use_norm': False}"
NTU2012,UniGCN,32,30,5.63,4.51,0.65,5.51,10,"{'MLP_hidden': 256, 'dropout': 0.7, 'use_norm': True}"
NTU2012,UniGCN,4,30,36.32,16.00,6.82,18.49,10,"{'MLP_hidden': 512, 'dropout': 0.1, 'use_norm': False}"
NTU2012,UniGCN,64,30,5.43,4.47,0.87,4.71,10,"{'MLP_hidden': 64, 'dropout': 0.2, 'use_norm': True}"
NTU2012,UniGCN,8,30,11.73,9.17,2.23,10.08,10,"{'MLP_hidden': 512, 'dropout': 0.5, 'use_norm': True}"
